{
    "title_prefix": "欢迎来到",
    "title": "小狐务器",
    "subtitle_prefix": "Welcome everyone to my website",
    "subtitle_name": "Xiaohu Server",
    "pixel_text": "我爱雨云",
    "intro": "我是一个热爱前端与视觉设计的开发者，喜欢折腾各种炫酷但不浮夸的交互效果，也在不断打磨自己在工程化、性能优化和产品体验上的能力。如果你有有趣的想法、项目或合作机会，欢迎随时通过下方联系方式或邮件模块来找我聊聊。",
    "skills": [
        "HTML / CSS",
        "JavaScript",
        "TypeScript",
        "Vue.js",
        "React",
        "Node.js",
        "UI/UX 设计",
        "Git",
        "Webpack",
        "Docker"
    ],
    "projects": [
        {
            "title": "个人主页",
            "desc": "基于玻璃拟态风格的个人展示页面",
            "icon": "globe"
        },
        {
            "title": "开源工具",
            "desc": "实用的开发者效率工具集",
            "icon": "code"
        },
        {
            "title": "UI 组件库",
            "desc": "可复用的前端界面组件",
            "icon": "layout"
        },
        {
            "title": "创意作品",
            "desc": "视觉设计与交互实验",
            "icon": "sparkle"
        }
    ],
    "contact": {
        "email": "example@email.com",
        "wechat": "example_wechat",
        "github": "github.com/username"
    }
}
